{"fine": {"precision": 0.2291618734388955, "recall": 0.22047840433829383, "f1": 0.20595681637716973}, "coarse": {"precision": 0.29424973638309315, "recall": 0.2565090709874366, "f1": 0.26971471151417653}}